Order_ID,Original_Risk,Counterfactual_Risk,Causal_Effect,Risk_Reduced
65308,0.84147141,0.752159908,0.089311502,Yes
49531,0.685569705,0.346541323,0.339028382,Yes
65534,0.839496147,0.777083113,0.062413034,Yes
3570,0.417004524,0.782461369,-0.365456845,No
37059,0.597157205,1.234168768,-0.637011564,No
10990,0.64278845,1.590923059,-0.948134608,No
54140,0.621886121,1.597649169,-0.975763047,No
2354,0.42264344,0.452004273,-0.029360834,No
24945,0.418987037,0.784370033,-0.365382996,No
48740,0.633332976,1.587992572,-0.954659596,No
104,0.437271042,0.467502725,-0.030231683,No
29720,0.859246128,0.778396366,0.080849762,Yes
3353,1.041583639,0.889401084,0.152182554,Yes
5972,0.626956219,0.625048842,0.001907378,Yes
61806,0.81337532,0.738082329,0.075292991,Yes
16387,0.82865012,0.757527655,0.071122465,Yes
70813,0.60700381,0.946877445,-0.339873635,No
17954,0.409520211,0.487255072,-0.077734861,No
59565,0.437175788,0.791625774,-0.354449986,No
27729,0.431602327,0.472517268,-0.040914941,No
14275,0.459495809,0.816454147,-0.356958338,No
40752,0.61241824,0.630355507,-0.017937267,No
3575,0.405902652,0.776042434,-0.370139782,No
43649,0.63334715,1.26483302,-0.63148587,No
66695,0.639565372,1.587700575,-0.948135203,No
15245,0.401653466,0.781736346,-0.380082881,No
933,0.815085458,0.756185019,0.058900439,Yes
15870,0.635966104,1.610998849,-0.975032745,No
64839,0.637619108,1.259864356,-0.622245248,No
50760,0.426938619,0.793732676,-0.366794057,No
849,0.425961089,0.466855404,-0.040894315,No
64863,0.8134433,0.771624484,0.041818815,Yes
6965,0.619283767,1.573912082,-0.954628315,No
22150,0.424688859,0.790071933,-0.365383074,No
13789,0.405202781,0.441656599,-0.036453817,No
64541,0.815501472,0.740208052,0.07529342,Yes
47214,0.63460829,1.26293916,-0.62833087,No
8228,0.799796452,0.735306822,0.064489631,Yes
42029,0.416249813,0.493994314,-0.077744501,No
10526,0.866190808,0.786104992,0.080085817,Yes
11360,0.462994594,0.828351807,-0.365357213,No
26083,0.631926425,0.95592945,-0.324003025,No
35931,0.804738888,0.730194614,0.074544274,Yes
41383,0.86679879,0.786723203,0.080075587,Yes
56410,0.428938433,0.795722848,-0.366784414,No
3499,0.779033341,0.715476606,0.063556734,Yes
19769,0.437251958,0.467493987,-0.030242028,No
56115,0.628410621,1.604173668,-0.975763046,No
24559,0.42809592,0.485985545,-0.057889625,No
29920,0.402794518,0.77328604,-0.370491522,No
55788,0.817640744,0.775811698,0.041829046,Yes
72009,0.446766577,0.478770535,-0.032003958,No
47369,0.415547658,0.462886,-0.047338342,No
68380,0.415589733,0.802142311,-0.386552578,No
38283,0.657390115,0.954551358,-0.297161243,No
47350,0.393093486,0.763699989,-0.370606503,No
35334,1.034076212,0.912605517,0.121470695,Yes
51854,0.413625387,0.452177356,-0.03855197,No
24256,0.861806193,0.766434133,0.09537206,Yes
51429,0.419408945,0.456144373,-0.036735428,No
73282,0.822310694,0.738224102,0.084086592,Yes
50530,0.668307892,1.625668879,-0.957360987,No
74445,0.43691325,0.79194366,-0.35503041,No
76504,0.430718694,0.459776359,-0.029057665,No
11256,0.833424989,0.753354863,0.080070126,Yes
38568,0.818607082,0.776768177,0.041838905,Yes
49659,0.833408305,0.771745435,0.06166287,Yes
67930,0.601824553,1.564747166,-0.962922612,No
39155,0.42164131,0.788415614,-0.366774304,No
56198,0.864612363,0.775683635,0.088928728,Yes
39390,0.416028176,0.778204373,-0.362176197,No
48569,0.441582826,0.471834376,-0.03025155,No
60187,0.825656415,0.753431867,0.072224549,Yes
17109,0.407220792,0.449612626,-0.042391834,No
18715,0.435458633,0.791589897,-0.356131264,No
39265,0.455911171,0.812414905,-0.356503734,No
63074,0.425936295,0.483815983,-0.057879688,No
29334,0.378048123,0.422968716,-0.044920592,No
60138,0.642952684,0.93859023,-0.295637546,No
699,0.411173719,0.471826068,-0.060652349,No
47098,0.832178413,0.770515713,0.061662701,Yes
16369,0.475694697,0.522333384,-0.046638687,No
60909,0.423040615,0.480910086,-0.057869471,No
26167,1.070926779,0.922241653,0.148685126,Yes
33655,0.614045896,1.589798119,-0.975752223,No
35579,0.409072424,0.486786594,-0.07771417,No
52350,0.803440957,0.727834949,0.075606008,Yes
35319,0.828874015,0.746046034,0.082827981,Yes
10589,0.420920743,0.454804302,-0.03388356,No
1784,0.409997486,0.470649877,-0.060652391,No
23922,0.63251761,0.6122342,0.02028341,Yes
42162,0.817871811,0.758960554,0.058911257,Yes
10445,0.626106188,1.601878872,-0.975772684,No
68584,0.623710638,1.273594009,-0.649883372,No
17518,0.624666336,0.927086425,-0.302420089,No
50343,0.622298397,0.966167017,-0.34386862,No
48189,0.808573581,0.755900075,0.052673506,Yes
40570,0.424418879,0.789771195,-0.365352316,No
66690,0.436521713,0.792652977,-0.356131264,No
42859,0.373013044,0.418062183,-0.045049139,No
40469,0.598771968,1.235014517,-0.636242549,No
39194,0.430488206,0.460709066,-0.03022086,No
30008,0.619423693,0.932886045,-0.313462351,No
29699,0.423667941,0.481557906,-0.057889965,No
31935,0.396261391,0.758244095,-0.361982704,No
32972,0.798134423,0.72315192,0.074982503,Yes
19792,0.820237551,0.778419175,0.041818377,Yes
31524,0.402548995,0.480263202,-0.077714207,No
691,0.817410435,0.775581697,0.041828737,Yes
33469,0.400647395,0.478361205,-0.07771381,No
33836,0.788964329,0.736250499,0.05271383,Yes
54688,0.625796266,0.928644692,-0.302848427,No
62260,0.37482387,0.778448516,-0.403624646,No
38950,0.451548897,0.801589052,-0.350040155,No
2819,0.825155136,0.763471794,0.061683341,Yes
15834,0.386170037,0.437462589,-0.051292552,No
68470,0.408497219,0.798827547,-0.390330327,No
31472,0.637835911,0.608280989,0.029554922,Yes
24425,0.403742533,0.774339111,-0.370596578,No
52439,0.416937605,0.464265714,-0.047328108,No
4584,0.611404854,1.281132578,-0.669727724,No
53599,0.436806895,0.493936122,-0.057129227,No
41501,0.823662896,0.781864847,0.041798049,Yes
42687,0.804485477,0.729628986,0.074856491,Yes
15560,0.407275577,0.77742519,-0.370149613,No
33677,0.601140179,0.585934657,0.015205522,Yes
59674,0.819206756,0.777378131,0.041828625,Yes
20464,0.482247678,0.528896399,-0.046648721,No
37637,0.796726718,0.744012666,0.052714052,Yes
19239,0.624740586,1.255791763,-0.631051177,No
64093,0.815836978,0.740980441,0.074856537,Yes
33096,0.827216922,0.744388948,0.082827974,Yes
40666,0.836254139,0.746921913,0.089332226,Yes
43745,0.433740718,0.800555678,-0.36681496,No
42940,0.839088769,0.76045066,0.078638108,Yes
46365,0.560523739,1.535629015,-0.975105276,No
62879,0.639256044,1.2721635,-0.632907456,No
793,0.642028727,0.938373218,-0.296344491,No
45060,0.460880491,0.826237705,-0.365357213,No
17200,0.623808352,1.572507831,-0.948699479,No
61200,0.430790461,0.797574718,-0.366784257,No
34104,0.654625095,1.270778645,-0.61615355,No
7424,0.410422437,0.457751142,-0.047328706,No
45350,0.832026635,0.760924955,0.07110168,Yes
9137,0.619252331,0.607896261,0.01135607,Yes
51084,0.630553024,1.262049123,-0.6314961,No
31420,0.430928983,0.797702579,-0.366773596,No
67257,0.638162739,0.619290308,0.01887243,Yes
68923,0.624410022,0.922560371,-0.298150349,No
25022,0.646983622,0.644357298,0.002626324,Yes
21734,0.398601939,0.446175228,-0.047573289,No
5280,0.866032724,0.777103349,0.088929375,Yes
6899,0.430761751,0.471656225,-0.040894474,No
6299,0.580578387,1.231090172,-0.650511785,No
46305,0.406160232,0.784625952,-0.37846572,No
45439,0.838992173,0.760343199,0.078648974,Yes
27162,0.666628307,0.646329767,0.02029854,Yes
655,0.824353848,0.741535788,0.08281806,Yes
21392,0.592247686,0.574647227,0.01760046,Yes
21830,0.854709154,0.774633567,0.080075587,Yes
4926,0.833380076,0.771696547,0.061683529,Yes
6236,0.840872756,0.751551101,0.089321655,Yes
73084,0.424966828,0.456632447,-0.031665619,No
45445,0.818172417,0.75930239,0.058870026,Yes
30500,0.441677744,0.797819624,-0.35614188,No
16828,1.03619136,0.914741125,0.121450235,Yes
4636,0.862679203,0.773749828,0.088929375,Yes
68162,0.659054607,0.630346026,0.028708582,Yes
21705,0.66370915,1.605783031,-0.942073881,No
15305,0.398727021,0.761070204,-0.362343183,No
48919,0.808419002,0.737316987,0.071102015,Yes
41977,0.640570047,0.637943457,0.00262659,Yes
37649,0.43190851,0.462129668,-0.030221159,No
2468,0.639868283,0.936213366,-0.296345083,No
39113,0.832193654,0.747598748,0.084594906,Yes
63631,0.800450285,0.747756319,0.052693966,Yes
21062,0.836618846,0.748988588,0.087630258,Yes
27840,0.480074789,0.852613068,-0.372538278,No
17693,0.595321012,0.905406726,-0.310085714,No
44954,0.411216133,0.488951,-0.077734866,No
36840,0.387011186,0.76535726,-0.378346075,No
35100,0.456089694,0.813027495,-0.356937801,No
9355,0.42742613,0.794210272,-0.366784142,No
67133,0.626085298,0.933102811,-0.307017513,No
6180,0.840456091,0.761797316,0.078658775,Yes
42788,0.642957988,0.949996395,-0.307038406,No
47929,0.838260847,0.748969541,0.089291305,Yes
72203,0.829843059,0.740144719,0.089698339,Yes
13415,0.4132473,0.778619769,-0.365372469,No
66214,0.439109666,0.496249122,-0.057139456,No
43347,0.608586379,0.593421758,0.015164621,Yes
20097,0.661338854,0.632630272,0.028708582,Yes
16439,0.804076864,0.751383203,0.052693662,Yes
36850,0.812713608,0.770874639,0.041838969,Yes
22815,1.035304352,0.569577533,0.465726819,Yes
33160,0.413506688,0.786715192,-0.373208504,No
55927,0.608469854,0.593379782,0.015090072,Yes
22989,0.417233955,0.494978455,-0.0777445,No
41968,0.836210754,0.774557755,0.061653,Yes
52933,0.792202247,0.721667742,0.070534505,Yes
20820,0.425603115,0.783415577,-0.357812463,No
18824,0.596394818,1.232887274,-0.636492455,No
36344,0.430915619,0.465151464,-0.034235845,No
63977,1.045013007,0.895925097,0.14908791,Yes
60829,0.389507797,0.456356687,-0.06684889,No
37140,0.460199123,0.825535876,-0.365336753,No
29798,0.832340894,0.749105051,0.083235843,Yes
5065,0.428988024,0.785109057,-0.356121034,No
45889,0.876975017,0.79690966,0.080065357,Yes
20429,0.427529756,0.454697296,-0.02716754,No
46350,0.428818646,0.795623524,-0.366804879,No
41325,0.844912837,0.766274383,0.078638454,Yes
23102,0.818926979,0.777118685,0.041808293,Yes
48114,0.433139222,0.478094881,-0.044955659,No
34749,1.046387842,0.598287861,0.448099981,Yes
5132,0.621957065,0.620050118,0.001906947,Yes
49620,0.626654433,1.591907121,-0.965252687,No
52234,0.601871589,1.238124373,-0.636252784,No
26741,0.818977274,0.777168684,0.04180859,Yes
67260,0.429489117,0.782536969,-0.353047852,No
41522,0.646701798,0.617187462,0.029514336,Yes
71574,0.433933245,0.465490297,-0.031557052,No
20228,1.086168051,0.627587175,0.458580877,Yes
44182,0.824399068,0.782590798,0.041808271,Yes
37037,0.62687004,0.606555562,0.020314479,Yes
40897,0.653031148,0.623868681,0.029162467,Yes
26836,0.841130975,0.76249223,0.078638745,Yes
49832,0.869232451,0.780757975,0.088474476,Yes
27305,0.601986742,1.574964066,-0.972977324,No
52069,0.41235058,0.490075211,-0.07772463,No
30726,1.049022689,0.89994461,0.149078079,Yes
66733,0.428486205,0.141643974,0.286842231,Yes
29800,0.811227048,0.736713548,0.0745135,Yes
39480,0.811983428,0.736669551,0.075313878,Yes
3873,0.806713215,0.731845998,0.074867217,Yes
62059,0.457490309,0.488558822,-0.031068513,No
1955,1.073488487,0.924782957,0.14870553,Yes
27135,0.408748717,0.779344991,-0.370596274,No
52000,0.638896923,1.587021744,-0.948124821,No
18149,0.410546296,0.488281001,-0.077734706,No
20289,0.400775424,0.445804103,-0.045028678,No
10329,0.398470185,0.452662847,-0.054192662,No
10620,0.603270736,1.557617855,-0.954347119,No
35435,0.39076683,0.764583452,-0.373816621,No
49377,0.841231127,0.751929591,0.089301536,Yes
14193,0.6115506,0.955398271,-0.343847672,No
60760,0.409232714,0.812847099,-0.403614384,No
29679,0.407787128,0.444250972,-0.036463843,No
66089,0.615258366,1.267924434,-0.652666068,No
62805,0.813956448,0.772138227,0.041818221,Yes
24165,0.40086648,0.770622055,-0.369755575,No
23810,0.397931197,0.768423007,-0.370491811,No
12653,0.841224828,0.751913369,0.089311459,Yes
18192,0.635951328,0.617078897,0.018872431,Yes
479,0.61145457,1.281182544,-0.669727974,No
16915,0.387635665,0.767717953,-0.380082288,No
33112,0.637662712,0.635005758,0.002656954,Yes
6210,0.436387447,0.79250906,-0.356121613,No
7499,0.417794928,0.458688809,-0.040893882,No
57029,0.428001228,0.46889511,-0.040893882,No
41974,0.433974682,0.474889333,-0.040914651,No
21589,0.391571845,0.446655826,-0.055083981,No
4129,0.838295553,0.748973891,0.089321662,Yes
27734,0.607701831,1.244306882,-0.636605051,No
70140,0.447495621,0.802515801,-0.355020179,No
35840,0.403284936,0.806889122,-0.403604186,No
1061,0.842262852,0.752940856,0.089321996,Yes
5580,0.432070818,0.798854641,-0.366783822,No
950,0.356258654,0.748997488,-0.392738835,No
39708,0.810623112,0.735309634,0.075313478,Yes
10538,0.605279557,0.915984598,-0.310705041,No
9033,0.62156016,0.928567755,-0.307007595,No
41307,0.624645919,0.612217948,0.012427971,Yes
25873,0.631083441,0.955086779,-0.324003338,No
59547,0.634811339,0.605265886,0.029545453,Yes
51014,0.61562547,1.265487749,-0.649862279,No
31224,0.436802685,0.467054667,-0.030251983,No
62060,0.4400843,0.796216157,-0.356131857,No
48234,0.438156328,0.468418655,-0.030262327,No
63787,0.634562707,0.605027483,0.029535223,Yes
32792,0.639993055,0.610437372,0.029555683,Yes
34424,0.829515365,0.750846242,0.078669122,Yes
41490,0.629665802,1.58662685,-0.956961048,No
30454,0.42251024,0.469858812,-0.047348572,No
70200,0.449739137,0.804759967,-0.35502083,No
71434,0.843960031,0.75596352,0.087996511,Yes
22388,0.8410446,0.74865965,0.09238495,Yes
72388,0.845668168,0.762579894,0.083088274,Yes
45774,0.436159668,0.463337849,-0.027178181,No
41053,0.623740533,0.92888117,-0.305140636,No
13029,0.659018594,1.282090482,-0.623071888,No
4835,0.440909415,0.790959758,-0.350050343,No
38603,0.622956333,0.946929087,-0.323972753,No
37870,0.619615506,1.574233887,-0.95461838,No
41914,0.368448762,0.425119031,-0.056670269,No
10610,0.437524074,0.793655338,-0.356131264,No
4066,0.86817919,0.788083735,0.080095455,Yes
63980,1.045543724,0.896456008,0.149087716,Yes
15889,0.635106254,1.268014013,-0.632907759,No
64420,0.622369403,1.598142848,-0.975773445,No
62252,0.872017818,0.791932311,0.080085507,Yes
7920,0.400685375,0.773903818,-0.373218443,No
16305,0.638308413,1.597105814,-0.958797401,No
46275,0.635454412,1.594272641,-0.958818229,No
51141,0.818135118,0.747012933,0.071122185,Yes
70104,0.447021322,0.476152105,-0.029130783,No
73050,0.640766854,1.584100059,-0.943333205,No
14490,0.424758956,0.780830012,-0.356071056,No
66312,0.659505106,0.630363267,0.029141839,Yes
66602,0.812115742,0.746755319,0.065360423,Yes
10580,0.617692381,1.61331994,-0.995627559,No
39056,0.809718267,0.767878991,0.041839276,Yes
68070,0.864486916,0.769104575,0.095382341,Yes
41148,0.88142947,0.808494459,0.072935011,Yes
72869,0.437405357,0.462845738,-0.025440381,No
3171,0.828116157,0.748035716,0.080080441,Yes
18539,0.844207358,0.754896172,0.089311186,Yes
66556,1.01073849,0.888989696,0.121748794,Yes
13889,0.849279944,0.762103703,0.087176241,Yes
64744,0.42007065,0.456815906,-0.036745256,No
325,0.375447428,0.74558681,-0.370139383,No
41972,0.819474479,0.743105381,0.076369098,Yes
64843,0.624497512,0.929658836,-0.305161324,No
18939,0.80525547,0.730293427,0.074962042,Yes
6172,0.628640828,0.617284679,0.011356149,Yes
47566,0.83714532,0.775492468,0.061652852,Yes
73297,0.614345456,0.590035756,0.0243097,Yes
54715,0.412731064,0.816345657,-0.403614593,No
59698,0.825221497,0.76353797,0.061683527,Yes
70754,0.426699658,0.500459391,-0.073759733,No
51609,0.786254904,0.716609298,0.069645606,Yes
40430,0.405974896,0.809578648,-0.403603752,No
55949,0.407986623,0.485710663,-0.07772404,No
3389,0.655118028,1.271281505,-0.616163477,No
32565,0.417864536,0.801613845,-0.383749309,No
23425,0.41352817,0.817162615,-0.403634445,No
28973,0.617443865,0.961301766,-0.343857901,No
39109,0.42097263,0.457697781,-0.036725151,No
21394,0.822728453,0.780920183,0.041808271,Yes
1263,0.614405276,0.958243113,-0.343837838,No
1124,0.393391221,0.429494806,-0.036103585,No
61670,0.425347255,0.783150127,-0.357802872,No
5669,0.452074844,0.482698908,-0.030624064,No
21032,0.593164718,0.588471779,0.00469294,Yes
51421,0.777770997,0.715440292,0.062330705,Yes
19635,0.627299188,1.603072464,-0.975773276,No
37535,0.390756051,0.771699497,-0.380943446,No
64119,0.400229459,0.436342679,-0.036113221,No
33800,0.435041894,0.791152929,-0.356111035,No
73040,0.645965162,1.589298662,-0.9433335,No
73999,0.425593078,0.457639988,-0.03204691,No
46300,0.66327815,1.620618683,-0.957340534,No
18875,0.39717046,0.800794904,-0.403624444,No
18209,1.028647452,0.897748444,0.130899008,Yes
37730,0.592787754,1.565734603,-0.972946849,No
65184,0.411729962,0.489464662,-0.077734701,No
40697,0.615646296,0.616512077,-0.000865781,No
75004,0.442881618,0.474449018,-0.031567401,No
3680,0.635045535,1.593832706,-0.95878717,No
49580,0.835337636,0.773663945,0.061673691,Yes
15879,0.608566374,1.236683542,-0.628117168,No
29949,0.423390964,0.481280819,-0.057889856,No
11495,0.40690281,0.775839583,-0.368936773,No
54548,0.598810045,0.909941895,-0.311131849,No
18103,0.840331333,0.747936203,0.09239513,Yes
45364,0.442001899,0.472253449,-0.03025155,No
15505,0.43971258,0.795844157,-0.356131576,No
44682,0.835902899,0.755852797,0.080050102,Yes
27577,0.803955931,0.729004119,0.074951812,Yes
61814,0.460783818,0.49141776,-0.030633942,No
38838,0.625632026,0.921966931,-0.296334905,No
43365,0.636917633,1.595725264,-0.958807631,No
57564,0.816515232,0.774686728,0.041828504,Yes
60144,0.423234924,0.48110409,-0.057869165,No
47585,0.416829707,0.820464379,-0.403634672,No
7204,0.423223336,0.481092809,-0.057869474,No
22679,0.399395281,0.454479193,-0.055083913,No
23525,0.395954309,0.766445527,-0.370491218,No
13102,0.805900423,0.753207102,0.052693321,Yes
68192,0.833817683,0.7626949,0.071122783,Yes
49410,0.428658985,0.786472028,-0.357813043,No
18086,0.804034306,0.729510489,0.074523818,Yes
61259,0.608758217,1.278485922,-0.669727704,No
31375,0.641080463,1.616092748,-0.975012285,No
66594,0.643335234,1.265579899,-0.622244665,No
20799,0.6210956,1.260447963,-0.639352363,No
16979,0.805973847,0.741494134,0.064479714,Yes
27230,0.40540126,0.775997533,-0.370596273,No
31514,0.405778991,0.483493402,-0.077714411,No
35504,0.433635226,0.472307238,-0.038672012,No
15622,0.839837042,0.747441962,0.09239508,Yes
38154,0.450417618,0.481031521,-0.030613904,No
62954,0.832688455,0.771015342,0.061673113,Yes
34403,0.837523742,0.758854627,0.078669116,Yes
4707,0.671764508,0.647485244,0.024279264,Yes
8304,0.620605163,1.25993662,-0.639331458,No
20770,0.82959317,0.744911804,0.084681366,Yes
34709,0.604312142,1.240555056,-0.636242914,No
20277,0.434487463,0.145799759,0.288687704,Yes
50762,0.647563961,0.618049745,0.029514216,Yes
62250,0.796903835,0.732424122,0.064479713,Yes
54676,0.803130434,0.738640491,0.064489943,Yes
19941,0.797832538,0.745138881,0.052693657,Yes
39190,0.44642076,0.811757514,-0.365336753,No
46149,0.446130976,0.485618705,-0.03948773,No
5210,0.422985814,0.779106848,-0.356121034,No
26341,0.836083317,0.74845275,0.087630568,Yes
8945,0.845060802,0.755739403,0.089321399,Yes
10660,0.438991472,0.795123333,-0.35613186,No
63323,0.609503243,0.929808987,-0.320305744,No
28883,0.685785652,0.998547982,-0.31276233,No
32589,0.624768175,1.243908709,-0.619140534,No
49844,0.436099475,0.477013813,-0.040914338,No
20590,0.403251828,0.774180911,-0.370929083,No
33715,0.420959351,0.804708612,-0.383749261,No
6439,0.622964242,1.254439882,-0.631475639,No
18218,0.685058709,0.997810517,-0.312751807,No
5767,0.612353246,0.617006925,-0.004653679,No
38815,0.423070375,0.806819254,-0.383748879,No
14965,0.656527872,1.598591522,-0.942063651,No
24824,0.399039379,0.476784309,-0.07774493,No
142,0.636625492,0.607080271,0.029545221,Yes
18899,0.61531704,1.285055296,-0.669738256,No
40575,0.392828575,0.760553153,-0.367724577,No
27761,0.830634971,0.743004745,0.087630227,Yes
11405,0.412691663,0.768823245,-0.356131583,No
67454,0.436021974,0.476926397,-0.040904423,No
9296,1.043934827,0.90549951,0.138435317,Yes
13902,0.609475878,0.607579266,0.001896611,Yes
61929,0.406668768,0.484403038,-0.07773427,No
51125,0.602824382,1.575801581,-0.972977198,No
61820,0.426177529,0.809947458,-0.383769928,No
31889,0.417719214,0.457181867,-0.039462653,No
12300,0.403605392,0.773755001,-0.370149609,No
53900,0.616647414,1.612265386,-0.995617972,No
4509,0.425467792,0.466361674,-0.040893882,No
53318,0.605140095,0.925436002,-0.320295907,No
3453,0.816993675,0.744768701,0.072224974,Yes
51524,0.617260596,1.28698798,-0.669727385,No
69058,0.629276536,0.927426887,-0.298150351,No
27175,0.397704019,0.768195238,-0.370491219,No
23104,0.462558808,0.502036954,-0.039478146,No
65924,0.643812747,1.266057735,-0.622244988,No
55610,0.636179958,1.594967578,-0.95878762,No
192,1.016350849,0.914745905,0.101604944,Yes
53854,0.457930058,0.488988385,-0.031058327,No
29104,0.424998615,0.482888673,-0.057890058,No
13034,0.453619737,0.484687697,-0.03106796,No
52371,0.83297261,0.740566603,0.092406007,Yes
24870,0.432940689,0.79974537,-0.36680468,No
57640,0.453783936,0.810731918,-0.356947982,No
29119,0.803927826,0.751244468,0.052683359,Yes
38072,0.844091095,0.754758869,0.089332226,Yes
15129,0.606193831,1.24278822,-0.636594389,No
76336,0.835875223,0.74537964,0.090495583,Yes
5454,0.435009146,0.465240667,-0.03023152,No
75230,0.446177598,0.801922682,-0.355745083,No
63047,0.841050101,0.762401394,0.078648707,Yes
7168,0.639492225,0.935836945,-0.296344719,No
29657,0.629611815,0.627724896,0.001886919,Yes
24113,0.621580511,0.945583536,-0.324003026,No
38069,0.863814934,0.774875329,0.088939605,Yes
47655,0.603775013,1.566717869,-0.962942856,No
23470,0.410892871,0.814527964,-0.403635092,No
64770,0.403239398,0.77338961,-0.370150212,No
46249,0.461226281,0.492294243,-0.031067962,No
65439,0.408834505,0.486569156,-0.077734651,No
25335,0.445432475,0.79550332,-0.350070845,No
41663,0.610842762,0.954711271,-0.343868508,No
75170,0.425814078,0.783707983,-0.357893905,No
4650,0.633559936,1.578600616,-0.94504068,No
62245,0.871165736,0.782681191,0.088484545,Yes
28894,0.428593086,0.477033987,-0.048440901,No
52954,0.628752825,1.247903644,-0.619150819,No
61660,0.419699667,0.803469434,-0.383769767,No
26725,0.403687052,0.774616276,-0.370929225,No
26573,0.658863108,0.955621115,-0.296758007,No
16742,0.607350632,0.584661351,0.022689281,Yes
43529,0.397221597,0.442250276,-0.045028679,No
57455,0.413223835,0.816838127,-0.403614292,No
11459,0.406239105,0.450935204,-0.044696099,No
51869,0.867150067,0.787054019,0.080096047,Yes
30969,0.8392394,0.760600247,0.078639153,Yes
32895,0.611435164,1.593748107,-0.982312943,No
62434,0.812496954,0.747136615,0.065360339,Yes
45117,0.637223381,0.616514598,0.020708783,Yes
49569,0.608220234,1.254436952,-0.646216718,No
47390,0.480764511,0.853303386,-0.372538874,No
59920,0.808904573,0.767075526,0.041829046,Yes
56033,0.622230936,0.925079947,-0.302849011,No
7953,0.825409223,0.743047648,0.082361575,Yes
45545,1.071373164,0.91622472,0.155148444,Yes
54260,0.424419567,0.786605695,-0.362186127,No
48457,0.628828277,0.60579699,0.023031287,Yes
25388,0.631834239,0.934264888,-0.302430649,No
43823,0.643210216,0.939008507,-0.295798291,No
15299,0.431160982,0.472065431,-0.040904449,No
358,0.601993943,0.922289457,-0.320295514,No
31281,0.870801703,0.782326808,0.088474895,Yes
37214,0.422746169,0.48060549,-0.057859321,No
65308,0.84147141,0.721928817,0.119542593,Yes
49531,0.685569705,0.620610351,0.064959354,Yes
65534,0.839496147,0.725262198,0.11423395,Yes
3570,0.417004524,0.425035903,-0.008031379,No
37059,0.597157205,0.54948901,0.047668194,Yes
10990,0.64278845,0.583022137,0.059766314,Yes
54140,0.621886121,0.567790363,0.054095758,Yes
2354,0.42264344,0.424392218,-0.001748779,No
24945,0.418987037,0.425580219,-0.006593182,No
48740,0.633332976,0.57742287,0.055910106,Yes
104,0.437271042,0.437271634,-5.92E-07,No
29720,0.859246128,0.741095452,0.118150676,Yes
3353,1.041583639,0.86396487,0.177618769,Yes
5972,0.626956219,0.572859868,0.054096351,Yes
61806,0.81337532,0.705502994,0.107872326,Yes
16387,0.82865012,0.716518819,0.112131302,Yes
70813,0.60700381,0.553705902,0.053297908,Yes
17954,0.409520211,0.419973473,-0.010453262,No
59565,0.437175788,0.436807648,0.000368141,Yes
27729,0.431602327,0.433579721,-0.001977395,No
14275,0.459495809,0.457664334,0.001831476,Yes
40752,0.61241824,0.563073907,0.049344332,Yes
3575,0.405902652,0.417573155,-0.011670504,No
43649,0.63334715,0.580153262,0.053193888,Yes
66695,0.639565372,0.579799652,0.05976572,Yes
15245,0.401653466,0.414837566,-0.013184101,No
933,0.815085458,0.704364104,0.110721354,Yes
15870,0.635966104,0.581508101,0.054458003,Yes
64839,0.637619108,0.577853378,0.059765731,Yes
50760,0.426938619,0.428905186,-0.001966566,No
849,0.425961089,0.427917858,-0.001956769,No
64863,0.8134433,0.704342885,0.109100415,Yes
6965,0.619283767,0.56334238,0.055941387,Yes
22150,0.424688859,0.431282119,-0.00659326,No
13789,0.405202781,0.416220384,-0.011017603,No
64541,0.815501472,0.707628718,0.107872754,Yes
47214,0.63460829,0.578579938,0.056028353,Yes
8228,0.799796452,0.694297986,0.105498467,Yes
42029,0.416249813,0.426712715,-0.010462901,No
10526,0.866190808,0.745096155,0.121094653,Yes
11360,0.462994594,0.461453027,0.001541567,Yes
26083,0.631926425,0.577850533,0.054075892,Yes
35931,0.804738888,0.697294744,0.107444144,Yes
41383,0.86679879,0.745714367,0.121084423,Yes
56410,0.428938433,0.430895358,-0.001956924,No
3499,0.779033341,0.681007931,0.09802541,Yes
19769,0.437251958,0.437262896,-1.09E-05,No
56115,0.628410621,0.574314862,0.054095759,Yes
24559,0.42809592,0.433796571,-0.005700652,No
29920,0.402794518,0.414816761,-0.012022243,No
55788,0.817640744,0.708530099,0.109110645,Yes
72009,0.446766577,0.444182679,0.002583898,Yes
47369,0.415547658,0.421877164,-0.006329506,No
68380,0.415589733,0.424431451,-0.008841719,No
38283,0.657390115,0.595761545,0.061628571,Yes
47350,0.393093486,0.404910175,-0.01181669,No
35334,1.034076212,0.860416543,0.173659669,Yes
51854,0.413625387,0.419432806,-0.005807419,No
24256,0.861806193,0.740997918,0.120808275,Yes
51429,0.419408945,0.423244503,-0.003835558,No
73282,0.822310694,0.709340586,0.112970108,Yes
50530,0.668307892,0.606990211,0.061317681,Yes
74445,0.43691325,0.434426086,0.002487164,Yes
76504,0.430718694,0.432976552,-0.002257858,No
11256,0.833424989,0.720454993,0.112969996,Yes
38568,0.818607082,0.709486577,0.109120504,Yes
49659,0.833408305,0.719556461,0.113851844,Yes
67930,0.601824553,0.554177464,0.047647089,Yes
39155,0.42164131,0.423588124,-0.001946814,No
56198,0.864612363,0.7431043,0.121508063,Yes
39390,0.416028176,0.419735095,-0.003706918,No
48569,0.441582826,0.441603286,-2.05E-05,No
60187,0.825656415,0.712423031,0.113233385,Yes
17109,0.407220792,0.41514395,-0.007923158,No
18715,0.435458633,0.435468863,-1.02E-05,No
39265,0.455911171,0.453945626,0.001965545,Yes
63074,0.425936295,0.43162701,-0.005690715,No
29334,0.378048123,0.396562379,-0.018514256,No
60138,0.642952684,0.582399659,0.060553025,Yes
699,0.411173719,0.420005152,-0.008831433,No
47098,0.832178413,0.718326739,0.113851674,Yes
16369,0.475694697,0.470512469,0.005182229,Yes
60909,0.423040615,0.428721113,-0.005680498,No
26167,1.070926779,0.889662318,0.181264461,Yes
33655,0.614045896,0.559939313,0.054106582,Yes
35579,0.409072424,0.419504995,-0.010432571,No
52350,0.803440957,0.696163339,0.107277618,Yes
35319,0.828874015,0.713146164,0.115727851,Yes
10589,0.420920743,0.42546683,-0.004546087,No
1784,0.409997486,0.418828961,-0.008831475,No
23922,0.63251761,0.57933433,0.05318328,Yes
42162,0.817871811,0.707139638,0.110732173,Yes
10445,0.626106188,0.572020067,0.054086121,Yes
68584,0.623710638,0.569625148,0.05408549,Yes
17518,0.624666336,0.568617146,0.05604919,Yes
50343,0.622298397,0.572995474,0.049302923,Yes
48189,0.808573581,0.704079159,0.104494421,Yes
40570,0.424418879,0.430981381,-0.006562502,No
66690,0.436521713,0.436531942,-1.02E-05,No
42859,0.373013044,0.385162313,-0.012149269,No
40469,0.598771968,0.550655295,0.048116673,Yes
39194,0.430488206,0.430477976,1.02E-05,Yes
30008,0.619423693,0.565987265,0.053436429,Yes
29699,0.423667941,0.429368932,-0.005700992,No
31935,0.396261391,0.406917936,-0.010656546,No
32972,0.798134423,0.690572585,0.107561837,Yes
19792,0.820237551,0.711137575,0.109099976,Yes
31524,0.402548995,0.412981603,-0.010432608,No
691,0.817410435,0.708300098,0.109110337,Yes
33469,0.400647395,0.411079606,-0.010432211,No
33836,0.788964329,0.684429584,0.104534746,Yes
54688,0.625796266,0.569854878,0.055941387,Yes
62260,0.37482387,0.385276973,-0.010453103,No
38950,0.451548897,0.450262894,0.001286003,Yes
2819,0.825155136,0.711282821,0.113872315,Yes
15834,0.386170037,0.402212139,-0.016042101,No
68470,0.408497219,0.421116687,-0.012619468,No
31472,0.637835911,0.578049899,0.059786013,Yes
24425,0.403742533,0.415549297,-0.011806764,No
52439,0.416937605,0.423256878,-0.006319272,No
4584,0.611404854,0.562071091,0.049333763,Yes
53599,0.436806895,0.442115207,-0.005308311,No
41501,0.823662896,0.714583248,0.109079648,Yes
42687,0.804485477,0.696729116,0.107756361,Yes
15560,0.407275577,0.418955912,-0.011680334,No
33677,0.601140179,0.553355322,0.047784857,Yes
59674,0.819206756,0.710096531,0.109110224,Yes
20464,0.482247678,0.477075484,0.005172195,Yes
37637,0.796726718,0.692191751,0.104534968,Yes
19239,0.624740586,0.57143254,0.053308046,Yes
64093,0.815836978,0.708080571,0.107756406,Yes
33096,0.827216922,0.711489078,0.115727844,Yes
40666,0.836254139,0.716690822,0.119563316,Yes
43745,0.433740718,0.435728187,-0.001987469,No
42940,0.839088769,0.721513114,0.117575655,Yes
46365,0.560523739,0.523488253,0.037035487,Yes
62879,0.639256044,0.581446066,0.057809978,Yes
793,0.642028727,0.582252183,0.059776543,Yes
45060,0.460880491,0.459338925,0.001541567,Yes
17200,0.623808352,0.568431663,0.055376689,Yes
61200,0.430790461,0.432747228,-0.001956767,No
34104,0.654625095,0.593562543,0.061062552,Yes
7424,0.410422437,0.416742306,-0.00631987,No
45350,0.832026635,0.719916118,0.112110517,Yes
9137,0.619252331,0.566887425,0.052364906,Yes
51084,0.630553024,0.577369366,0.053183658,Yes
31420,0.430928983,0.432875088,-0.001946106,No
67257,0.638162739,0.580352762,0.057809977,Yes
68923,0.624410022,0.568217643,0.056192379,Yes
25022,0.646983622,0.592536382,0.054447239,Yes
21734,0.398601939,0.413430678,-0.014828739,No
5280,0.866032724,0.744524014,0.12150871,Yes
6899,0.430761751,0.432718679,-0.001956928,No
6299,0.580578387,0.539691488,0.0408869,Yes
46305,0.406160232,0.419117211,-0.012956979,No
45439,0.838992173,0.721405653,0.117586521,Yes
27162,0.666628307,0.605320931,0.061307376,Yes
655,0.824353848,0.708635918,0.11571793,Yes
21392,0.592247686,0.54824089,0.044006796,Yes
21830,0.854709154,0.733624731,0.121084423,Yes
4926,0.833380076,0.719507573,0.113872502,Yes
6236,0.840872756,0.721320011,0.119552745,Yes
73084,0.424966828,0.423352925,0.001613903,Yes
45445,0.818172417,0.707481475,0.110690942,Yes
30500,0.441677744,0.44169859,-2.08E-05,No
16828,1.03619136,0.862552152,0.173639208,Yes
4636,0.862679203,0.741170493,0.12150871,Yes
68162,0.659054607,0.597446156,0.061608452,Yes
21705,0.66370915,0.602676985,0.061032165,Yes
15305,0.398727021,0.409744046,-0.011017024,No
48919,0.808419002,0.696308151,0.112110851,Yes
41977,0.640570047,0.586122541,0.054447505,Yes
37649,0.43190851,0.431898578,9.93E-06,Yes
2468,0.639868283,0.580092331,0.059775952,Yes
39113,0.832193654,0.717423823,0.114769831,Yes
63631,0.800450285,0.695935403,0.104514881,Yes
21062,0.836618846,0.723552374,0.113066472,Yes
27840,0.480074789,0.474902208,0.005172581,Yes
17693,0.595321012,0.547845172,0.047475841,Yes
44954,0.411216133,0.4216694,-0.010453267,No
36840,0.387011186,0.401320146,-0.01430896,No
35100,0.456089694,0.454237681,0.001852013,Yes
9355,0.42742613,0.429382781,-0.001956651,No
67133,0.626085298,0.568275321,0.057809977,Yes
6180,0.840456091,0.72285977,0.117596322,Yes
42788,0.642957988,0.585168904,0.057789084,Yes
47929,0.838260847,0.718738451,0.119522396,Yes
72203,0.829843059,0.708429256,0.121413802,Yes
13415,0.4132473,0.419829955,-0.006582655,No
66214,0.439109666,0.444428206,-0.005318541,No
43347,0.608586379,0.560842423,0.047743956,Yes
20097,0.661338854,0.599730403,0.061608452,Yes
16439,0.804076864,0.699562287,0.104514577,Yes
36850,0.812713608,0.70359304,0.109120568,Yes
22815,1.035304352,0.862567607,0.172736745,Yes
33160,0.413506688,0.419816412,-0.006309724,No
55927,0.608469854,0.560479912,0.047989942,Yes
22989,0.417233955,0.427696856,-0.010462901,No
41968,0.836210754,0.722368781,0.113841973,Yes
52933,0.792202247,0.690132219,0.102070028,Yes
20820,0.425603115,0.432089419,-0.006486304,No
18824,0.596394818,0.550535578,0.04585924,Yes
36344,0.430915619,0.434802379,-0.003886759,No
63977,1.045013007,0.865694007,0.179319001,Yes
60829,0.389507797,0.404535771,-0.015027975,No
37140,0.460199123,0.458637096,0.001562027,Yes
29798,0.832340894,0.716525716,0.115815178,Yes
5065,0.428988024,0.428988023,7.02E-10,Yes
45889,0.876975017,0.755900824,0.121074193,Yes
20429,0.427529756,0.429261081,-0.001731326,No
46350,0.428818646,0.430796034,-0.001977388,No
41325,0.844912837,0.727336837,0.117576001,Yes
23102,0.818926979,0.709837086,0.109089892,Yes
48114,0.433139222,0.438283347,-0.005144125,No
34749,1.046387842,0.87235689,0.174030953,Yes
5132,0.621957065,0.567861144,0.054095921,Yes
49620,0.626654433,0.573228453,0.05342598,Yes
52234,0.601871589,0.55376515,0.048106439,Yes
26741,0.818977274,0.709887085,0.109090189,Yes
67260,0.429489117,0.431210811,-0.001721694,No
41522,0.646701798,0.586956372,0.059745426,Yes
71574,0.433933245,0.433789756,0.000143489,Yes
20228,1.086168051,0.901656203,0.184511848,Yes
44182,0.824399068,0.715309198,0.10908987,Yes
37037,0.62687004,0.573655692,0.053214349,Yes
40897,0.653031148,0.591289347,0.061741802,Yes
26836,0.841130975,0.723554684,0.117576291,Yes
49832,0.869232451,0.747858105,0.121374346,Yes
27305,0.601986742,0.556285398,0.045701344,Yes
52069,0.41235058,0.422793612,-0.010443031,No
30726,1.049022689,0.869713519,0.17930917,Yes
66733,0.428486205,0.434954583,-0.006468378,No
29800,0.811227048,0.703813678,0.107413369,Yes
39480,0.811983428,0.704090216,0.107893212,Yes
3873,0.806713215,0.698946128,0.107767087,Yes
62059,0.457490309,0.455658952,0.001831357,Yes
1955,1.073488487,0.892203622,0.181284865,Yes
27135,0.408748717,0.420555177,-0.01180646,No
52000,0.638896923,0.579120822,0.059776101,Yes
18149,0.410546296,0.420999402,-0.010453106,No
20289,0.400775424,0.412904233,-0.012128808,No
10329,0.398470185,0.411654011,-0.013183826,No
10620,0.603270736,0.554511808,0.048758927,Yes
35435,0.39076683,0.405908558,-0.015141727,No
49377,0.841231127,0.721698501,0.119532626,Yes
14193,0.6115506,0.562226728,0.049323871,Yes
60760,0.409232714,0.419675556,-0.010442841,No
29679,0.407787128,0.418814757,-0.011027629,No
66089,0.615258366,0.564323631,0.050934736,Yes
62805,0.813956448,0.704856627,0.10909982,Yes
24165,0.40086648,0.414774889,-0.013908409,No
23810,0.397931197,0.409953729,-0.012022532,No
12653,0.841224828,0.721682278,0.11954255,Yes
18192,0.635951328,0.578141351,0.057809977,Yes
479,0.61145457,0.562121057,0.049333513,Yes
16915,0.387635665,0.400819173,-0.013183508,No
33112,0.637662712,0.583184843,0.05447787,Yes
6210,0.436387447,0.436388026,-5.79E-07,No
7499,0.417794928,0.419751263,-0.001956336,No
57029,0.428001228,0.429957564,-0.001956336,No
41974,0.433974682,0.435951786,-0.001977105,No
21589,0.391571845,0.40564699,-0.014075145,No
4129,0.838295553,0.718742801,0.119552752,Yes
27734,0.607701831,0.55994766,0.047754171,Yes
70140,0.447495621,0.444998227,0.002497394,Yes
35840,0.403284936,0.413717579,-0.010432643,No
1061,0.842262852,0.722709766,0.119553087,Yes
5580,0.432070818,0.43402715,-0.001956332,No
950,0.356258654,0.371286629,-0.015027975,No
39708,0.810623112,0.702730299,0.107892813,Yes
10538,0.605279557,0.557515319,0.047764238,Yes
9033,0.62156016,0.563740264,0.057819895,Yes
41307,0.624645919,0.571209112,0.053436807,Yes
25873,0.631083441,0.577007862,0.05407558,Yes
59547,0.634811339,0.575034795,0.059776544,Yes
51014,0.61562547,0.561518887,0.054106582,Yes
31224,0.436802685,0.436823577,-2.09E-05,No
62060,0.4400843,0.440095122,-1.08E-05,No
48234,0.438156328,0.438187565,-3.12E-05,No
63787,0.634562707,0.574796393,0.059766314,Yes
32792,0.639993055,0.580206281,0.059786773,Yes
34424,0.829515365,0.711908696,0.117606669,Yes
41490,0.629665802,0.576377684,0.053288118,Yes
30454,0.42251024,0.428849976,-0.006339736,No
70200,0.449739137,0.447242393,0.002496744,Yes
71434,0.843960031,0.724262979,0.119697052,Yes
22388,0.8410446,0.723223435,0.117821165,Yes
72388,0.845668168,0.726768523,0.118899645,Yes
45774,0.436159668,0.437901634,-0.001741966,No
41053,0.623740533,0.570411891,0.053328642,Yes
13029,0.659018594,0.597410725,0.061607869,Yes
4835,0.440909415,0.4396336,0.001275815,Yes
38603,0.622956333,0.568850169,0.054106164,Yes
37870,0.619615506,0.563664185,0.055951321,Yes
41914,0.368448762,0.3906481,-0.022199338,No
10610,0.437524074,0.437534304,-1.02E-05,No
4066,0.86817919,0.747074899,0.121104291,Yes
63980,1.045543724,0.866224918,0.179318807,Yes
15889,0.635106254,0.577296579,0.057809675,Yes
64420,0.622369403,0.568284043,0.054085361,Yes
62252,0.872017818,0.750923475,0.121094343,Yes
7920,0.400685375,0.407005038,-0.006319663,No
16305,0.638308413,0.580498436,0.057809977,Yes
46275,0.635454412,0.577665263,0.057789149,Yes
51141,0.818135118,0.706004097,0.112131021,Yes
70104,0.447021322,0.444524475,0.002496847,Yes
73050,0.640766854,0.580642711,0.060124144,Yes
14490,0.424758956,0.428300873,-0.003541917,No
66312,0.659505106,0.597783932,0.061721174,Yes
66602,0.812115742,0.705746483,0.106369259,Yes
10580,0.617692381,0.568368509,0.049323872,Yes
39056,0.809718267,0.700597392,0.109120875,Yes
68070,0.864486916,0.743668361,0.120818555,Yes
41148,0.88142947,0.756673543,0.124755927,Yes
72869,0.437405357,0.437058221,0.000347135,Yes
3171,0.828116157,0.715135847,0.112980311,Yes
18539,0.844207358,0.724665081,0.119542277,Yes
66556,1.01073849,0.844901384,0.165837106,Yes
13889,0.849279944,0.732146481,0.117133463,Yes
64744,0.42007065,0.423916037,-0.003845386,No
325,0.375447428,0.387117532,-0.011670104,No
41972,0.819474479,0.705979763,0.113494716,Yes
64843,0.624497512,0.571189557,0.053307955,Yes
18939,0.80525547,0.697714093,0.107541377,Yes
6172,0.628640828,0.576275843,0.052364985,Yes
47566,0.83714532,0.723303495,0.113841826,Yes
73297,0.614345456,0.56115224,0.053193216,Yes
54715,0.412731064,0.423174114,-0.01044305,No
59698,0.825221497,0.711348997,0.113872501,Yes
70754,0.426699658,0.433177792,-0.006478134,No
51609,0.786254904,0.684426199,0.101828705,Yes
40430,0.405974896,0.416407105,-0.010432209,No
55949,0.407986623,0.418429064,-0.010442441,No
3389,0.655118028,0.594065403,0.061052625,Yes
32565,0.417864536,0.423534927,-0.005670392,No
23425,0.41352817,0.423991072,-0.010462901,No
28973,0.617443865,0.568130223,0.049313642,Yes
39109,0.42097263,0.424797911,-0.003825281,No
21394,0.822728453,0.713638584,0.10908987,Yes
1263,0.614405276,0.56507157,0.049333706,Yes
1124,0.393391221,0.404058591,-0.01066737,No
61670,0.425347255,0.431823969,-0.006476714,No
5669,0.452074844,0.450119573,0.001955271,Yes
21032,0.593164718,0.547462943,0.045701776,Yes
51421,0.777770997,0.680969361,0.096801636,Yes
19635,0.627299188,0.573213658,0.05408553,Yes
37535,0.390756051,0.404800717,-0.014044666,No
64119,0.400229459,0.410906465,-0.010677006,No
33800,0.435041894,0.435031894,1.00E-05,Yes
73040,0.645965162,0.585841314,0.060123848,Yes
73999,0.425593078,0.429187204,-0.003594126,No
46300,0.66327815,0.601940015,0.061338134,Yes
18875,0.39717046,0.407623361,-0.010452901,No
18209,1.028647452,0.856739608,0.171907844,Yes
37730,0.592787754,0.547055935,0.045731819,Yes
65184,0.411729962,0.422183063,-0.010453101,No
40697,0.615646296,0.564691162,0.050955135,Yes
75004,0.442881618,0.442748477,0.00013314,Yes
3680,0.635045535,0.577225327,0.057820208,Yes
49580,0.835337636,0.721474972,0.113862664,Yes
15879,0.608566374,0.55946744,0.049098934,Yes
29949,0.423390964,0.429091846,-0.005700882,No
11495,0.40690281,0.418347353,-0.011444543,No
54548,0.598810045,0.551152081,0.047657964,Yes
18103,0.840331333,0.722499989,0.117831344,Yes
45364,0.442001899,0.442022359,-2.05E-05,No
15505,0.43971258,0.439723122,-1.05E-05,No
44682,0.835902899,0.722952927,0.112949971,Yes
27577,0.803955931,0.696424784,0.107531146,Yes
61814,0.460783818,0.458838426,0.001945393,Yes
38838,0.625632026,0.565845897,0.059786129,Yes
43365,0.636917633,0.579117885,0.057799748,Yes
57564,0.816515232,0.707405129,0.109110103,Yes
60144,0.423234924,0.428915116,-0.005680192,No
47585,0.416829707,0.427292836,-0.010463129,No
7204,0.423223336,0.428903836,-0.0056805,No
22679,0.399395281,0.413470357,-0.014075077,No
23525,0.395954309,0.407976248,-0.01202194,No
13102,0.805900423,0.701386187,0.104514236,Yes
68192,0.833817683,0.721686064,0.112131619,Yes
49410,0.428658985,0.435145869,-0.006486885,No
18086,0.804034306,0.696610619,0.107423688,Yes
61259,0.608758217,0.559424434,0.049333783,Yes
31375,0.641080463,0.586602001,0.054478463,Yes
66594,0.643335234,0.583568921,0.059766314,Yes
20799,0.6210956,0.567659239,0.053436361,Yes
16979,0.805973847,0.700485298,0.10548855,Yes
27230,0.40540126,0.417207719,-0.011806459,No
31514,0.405778991,0.416211803,-0.010432812,No
35504,0.433635226,0.435006324,-0.001371098,No
15622,0.839837042,0.722005748,0.117831294,Yes
38154,0.450417618,0.448452187,0.001965431,Yes
62954,0.832688455,0.718826368,0.113862087,Yes
34403,0.837523742,0.71991708,0.117606662,Yes
4707,0.671764508,0.60767371,0.064090798,Yes
8304,0.620605163,0.567147896,0.053457266,Yes
20770,0.82959317,0.714339996,0.115253173,Yes
34709,0.604312142,0.556195834,0.048116309,Yes
20277,0.434487463,0.439894854,-0.005407391,No
50762,0.647563961,0.587818655,0.059745307,Yes
62250,0.796903835,0.691415286,0.105488549,Yes
54676,0.803130434,0.697631655,0.105498779,Yes
19941,0.797832538,0.693317966,0.104514573,Yes
39190,0.44642076,0.444858734,0.001562027,Yes
46149,0.446130976,0.444609869,0.001521107,Yes
5210,0.422985814,0.422985813,5.72E-10,Yes
26341,0.836083317,0.723016535,0.113066782,Yes
8945,0.845060802,0.725508312,0.11955249,Yes
10660,0.438991472,0.439002298,-1.08E-05,No
63323,0.609503243,0.562910207,0.046593036,Yes
28883,0.685785652,0.620837123,0.064948529,Yes
32589,0.624768175,0.566692607,0.058075569,Yes
49844,0.436099475,0.438076267,-0.001976792,No
20590,0.403251828,0.415391097,-0.012139269,No
33715,0.420959351,0.426629695,-0.005670344,No
6439,0.622964242,0.569760124,0.053204118,Yes
18218,0.685058709,0.620099657,0.064959052,Yes
5767,0.612353246,0.56518601,0.047167237,Yes
38815,0.423070375,0.428740337,-0.005669961,No
14965,0.656527872,0.595485476,0.061042396,Yes
24824,0.399039379,0.40950271,-0.010463331,No
142,0.636625492,0.576849181,0.059776311,Yes
18899,0.61531704,0.565993809,0.049323231,Yes
40575,0.392828575,0.404488284,-0.011659708,No
27761,0.830634971,0.71756853,0.113066441,Yes
11405,0.412691663,0.412702211,-1.05E-05,No
67454,0.436021974,0.437988851,-0.001966877,No
9296,1.043934827,0.866561964,0.177372863,Yes
13902,0.609475878,0.555390293,0.054085585,Yes
61929,0.406668768,0.417121439,-0.010452671,No
51125,0.602824382,0.557122913,0.045701469,Yes
61820,0.426177529,0.43186854,-0.005691011,No
31889,0.417719214,0.424281997,-0.006562783,No
12300,0.403605392,0.415285722,-0.01168033,No
53900,0.616647414,0.567313955,0.049333459,Yes
4509,0.425467792,0.427424127,-0.001956335,No
53318,0.605140095,0.558537222,0.046602873,Yes
3453,0.816993675,0.703759865,0.11323381,Yes
51524,0.617260596,0.567926493,0.049334102,Yes
69058,0.629276536,0.573084159,0.056192377,Yes
27175,0.397704019,0.409725959,-0.01202194,No
23104,0.462558808,0.461028118,0.00153069,Yes
65924,0.643812747,0.584046756,0.05976599,Yes
55610,0.636179958,0.5783602,0.057819758,Yes
192,1.016350849,0.847464306,0.168886543,Yes
53854,0.457930058,0.456088515,0.001841543,Yes
29104,0.424998615,0.430699699,-0.005701084,No
13034,0.453619737,0.451787827,0.00183191,Yes
52371,0.83297261,0.715130389,0.117842222,Yes
24870,0.432940689,0.434917879,-0.00197719,No
57640,0.453783936,0.451942104,0.001841832,Yes
29119,0.803927826,0.699423552,0.104504274,Yes
38072,0.844091095,0.724527778,0.119563316,Yes
15129,0.606193831,0.558428998,0.047764833,Yes
76336,0.835875223,0.718579833,0.11729539,Yes
5454,0.435009146,0.435009576,-4.30E-07,No
75230,0.446177598,0.444317275,0.001860324,Yes
63047,0.841050101,0.723463848,0.117586254,Yes
7168,0.639492225,0.579715911,0.059776315,Yes
29657,0.629611815,0.575535923,0.054075892,Yes
24113,0.621580511,0.567504619,0.054075892,Yes
38069,0.863814934,0.742295994,0.121518939,Yes
47655,0.603775013,0.556148167,0.047626846,Yes
23470,0.410892871,0.421356421,-0.010463549,No
64770,0.403239398,0.414920331,-0.011680933,No
46249,0.461226281,0.459394373,0.001831908,Yes
65439,0.408834505,0.419287557,-0.010453052,No
25335,0.445432475,0.444177161,0.001255314,Yes
41663,0.610842762,0.561539727,0.049303035,Yes
75170,0.425814078,0.423230183,0.002583895,Yes
4650,0.633559936,0.57549457,0.058065366,Yes
62245,0.871165736,0.749781322,0.121384414,Yes
28894,0.428593086,0.436025151,-0.007432065,No
52954,0.628752825,0.570687542,0.058065283,Yes
61660,0.419699667,0.425390516,-0.005690849,No
26725,0.403687052,0.415826463,-0.012139411,No
26573,0.658863108,0.597151836,0.061711272,Yes
16742,0.607350632,0.557049296,0.050301336,Yes
43529,0.397221597,0.409350406,-0.012128809,No
57455,0.413223835,0.423666583,-0.010442748,No
11459,0.406239105,0.418035334,-0.011796229,No
51869,0.867150067,0.746045183,0.121104883,Yes
30969,0.8392394,0.721662701,0.117576699,Yes
32895,0.611435164,0.56425736,0.047177804,Yes
62434,0.812496954,0.706127779,0.106369175,Yes
45117,0.637223381,0.583935263,0.053288118,Yes
49569,0.608220234,0.561648228,0.046572006,Yes
47390,0.480764511,0.475592526,0.005171985,Yes
59920,0.808904573,0.699793927,0.109110645,Yes
56033,0.622230936,0.566290133,0.055940803,Yes
7953,0.825409223,0.711252798,0.114156424,Yes
45545,1.071373164,0.890788506,0.180584658,Yes
54260,0.424419567,0.428136416,-0.003716849,No
48457,0.628828277,0.57289712,0.055931157,Yes
25388,0.631834239,0.575795609,0.05603863,Yes
43823,0.643210216,0.586107216,0.057102999,Yes
15299,0.431160982,0.433127885,-0.001966903,No
358,0.601993943,0.555390677,0.046603266,Yes
31281,0.870801703,0.749426938,0.121374764,Yes
37214,0.422746169,0.428416517,-0.005670347,No
65308,0.84147141,0.575851175,0.265620234,Yes
49531,0.685569705,0.576965259,0.108604446,Yes
65534,0.839496147,0.766197628,0.07329852,Yes
3570,0.417004524,1.237268661,-0.820264138,No
37059,0.597157205,1.342043822,-0.744886618,No
10990,0.64278845,1.61871229,-0.975923839,No
54140,0.621886121,1.603480516,-0.981594395,No
2354,0.42264344,0.686510503,-0.263867063,No
24945,0.418987037,1.200601519,-0.781614482,No
48740,0.633332976,1.613113023,-0.979780047,No
104,0.437271042,0.699389919,-0.262118877,No
29720,0.859246128,0.819242341,0.040003788,Yes
3353,1.041583639,0.513789265,0.527794373,Yes
5972,0.626956219,0.630880189,-0.00392397,No
61806,0.81337532,0.70089528,0.11248004,Yes
16387,0.82865012,0.757454249,0.071195871,Yes
70813,0.60700381,0.937616167,-0.330612357,No
17954,0.409520211,0.682091757,-0.272571546,No
59565,0.437175788,1.024815876,-0.587640088,No
27729,0.431602327,0.695698006,-0.264095679,No
14275,0.459495809,1.269897092,-0.810401283,No
40752,0.61241824,0.621094229,-0.008675989,No
3575,0.405902652,1.147051311,-0.74114866,No
43649,0.63334715,1.476966543,-0.843619393,No
66695,0.639565372,1.615489806,-0.975924434,No
15245,0.401653466,1.144315722,-0.742662257,No
933,0.815085458,0.558286462,0.256798996,Yes
15870,0.635966104,1.804211327,-1.168245223,No
64839,0.637619108,1.287653587,-0.650034478,No
50760,0.426938619,1.016913414,-0.589974795,No
849,0.425961089,0.690036142,-0.264075053,No
64863,0.8134433,0.558265243,0.255178056,Yes
6965,0.619283767,1.599032533,-0.979748766,No
22150,0.424688859,1.206303419,-0.78161456,No
13789,0.405202781,0.819808596,-0.414605815,No
64541,0.815501472,0.703021004,0.112480468,Yes
47214,0.63460829,1.288380147,-0.653771857,No
8228,0.799796452,0.630974946,0.168821506,Yes
42029,0.416249813,0.688830999,-0.272581186,No
10526,0.866190808,0.823243044,0.042947764,Yes
11360,0.462994594,1.273685786,-0.810691192,No
26083,0.631926425,0.961760798,-0.329834373,No
35931,0.804738888,0.633971705,0.170767183,Yes
41383,0.86679879,0.823861256,0.042937534,Yes
56410,0.428938433,1.018903586,-0.589965152,No
3499,0.779033341,0.721943361,0.05708998,Yes
19769,0.437251958,0.69938118,-0.262129222,No
56115,0.628410621,1.610005015,-0.981594394,No
24559,0.42809592,0.695914856,-0.267818936,No
29920,0.402794518,1.085579592,-0.682785074,No
55788,0.817640744,0.562452457,0.255188287,Yes
72009,0.446766577,0.706300963,-0.259534386,No
47369,0.415547658,0.683995448,-0.268447791,No
68380,0.415589733,1.01243968,-0.596849947,No
38283,0.657390115,1.20389634,-0.546506225,No
47350,0.393093486,1.134388331,-0.741294845,No
35334,1.034076212,0.510240939,0.523835274,Yes
51854,0.413625387,0.68155109,-0.267925704,No
24256,0.861806193,0.819144807,0.042661386,Yes
51429,0.419408945,0.685362788,-0.265953842,No
73282,0.822310694,0.563262944,0.25904775,Yes
50530,0.668307892,1.866904894,-1.198597002,No
74445,0.43691325,1.022434314,-0.585521064,No
76504,0.430718694,0.695094836,-0.264376143,No
11256,0.833424989,0.761390424,0.072034566,Yes
38568,0.818607082,0.563408936,0.255198146,Yes
49659,0.833408305,0.573478819,0.259929486,Yes
67930,0.601824553,1.67262222,-1.070797667,No
39155,0.42164131,1.011596352,-0.589955042,No
56198,0.864612363,0.821251189,0.043361174,Yes
39390,0.416028176,1.007743323,-0.591715146,No
48569,0.441582826,0.70372157,-0.262138744,No
60187,0.825656415,0.566345389,0.259311026,Yes
17109,0.407220792,0.677262235,-0.270041443,No
18715,0.435458633,1.023477091,-0.588018458,No
39265,0.455911171,1.266178385,-0.810267214,No
63074,0.425936295,0.693745294,-0.267808999,No
29334,0.378048123,0.800150591,-0.422102468,No
60138,0.642952684,0.966309925,-0.323357241,No
699,0.411173719,0.682123436,-0.270949717,No
47098,0.832178413,0.572249097,0.259929316,Yes
16369,0.475694697,0.956855283,-0.481160586,No
60909,0.423040615,0.690839397,-0.267798782,No
26167,1.070926779,0.763711243,0.307215535,Yes
33655,0.614045896,1.595629467,-0.981583571,No
35579,0.409072424,0.681623279,-0.272550856,No
52350,0.803440957,0.691555625,0.111885333,Yes
35319,0.828874015,0.567068522,0.261805492,Yes
10589,0.420920743,0.687585114,-0.266664372,No
1784,0.409997486,0.680947246,-0.27094976,No
23922,0.63251761,0.824367723,-0.191850113,No
42162,0.817871811,0.561061997,0.256809815,Yes
10445,0.626106188,1.60771022,-0.981604032,No
68584,0.623710638,1.279425357,-0.655714719,No
17518,0.624666336,0.952527411,-0.327861076,No
50343,0.622298397,0.956905739,-0.334607342,No
48189,0.808573581,0.64075612,0.16781746,Yes
40570,0.424418879,1.206002682,-0.781583802,No
66690,0.436521713,1.024540171,-0.588018458,No
42859,0.373013044,0.7300352,-0.357022156,No
40469,0.598771968,1.401925431,-0.803153464,No
39194,0.430488206,0.69259626,-0.262108054,No
30008,0.619423693,0.94989753,-0.330473837,No
29699,0.423667941,0.691487217,-0.267819276,No
31935,0.396261391,1.077680767,-0.681419377,No
32972,0.798134423,0.627249546,0.170884876,Yes
19792,0.820237551,0.565059934,0.255177618,Yes
31524,0.402548995,0.675099887,-0.272550892,No
691,0.817410435,0.562222456,0.255187978,Yes
33469,0.400647395,0.67319789,-0.272550495,No
33836,0.788964329,0.621106544,0.167857785,Yes
54688,0.625796266,0.953765144,-0.327968878,No
62260,0.37482387,0.973285202,-0.598461331,No
38950,0.451548897,1.262495652,-0.810946756,No
2819,0.825155136,0.565205179,0.259949957,Yes
15834,0.386170037,0.747085026,-0.360914988,No
68470,0.408497219,1.150594843,-0.742097624,No
31472,0.637835911,0.63607022,0.001765691,Yes
24425,0.403742533,1.145027453,-0.74128492,No
52439,0.416937605,0.685375162,-0.268437556,No
4584,0.611404854,1.271871301,-0.660466446,No
53599,0.436806895,0.891246563,-0.454439668,No
41501,0.823662896,0.568505606,0.255157289,Yes
42687,0.804485477,0.692121402,0.112364075,Yes
15560,0.407275577,1.148434067,-0.74115849,No
33677,0.601140179,0.694130246,-0.092990067,No
59674,0.819206756,0.56401889,0.255187866,Yes
20464,0.482247678,0.963418298,-0.48117062,No
37637,0.796726718,0.628868712,0.167858007,Yes
19239,0.624740586,1.468245821,-0.843505235,No
64093,0.815836978,0.703472857,0.112364121,Yes
33096,0.827216922,0.565411437,0.261805485,Yes
40666,0.836254139,0.57061318,0.265640958,Yes
43745,0.433740718,1.023736415,-0.589995698,No
42940,0.839088769,0.575435472,0.263653296,Yes
46365,0.560523739,1.783402936,-1.222879197,No
62879,0.639256044,1.291246275,-0.651990231,No
793,0.642028727,0.966162449,-0.324133722,No
45060,0.460880491,1.271571683,-0.810691192,No
17200,0.623808352,1.604121816,-0.980313464,No
61200,0.430790461,1.020755456,-0.589964995,No
34104,0.654625095,1.527587282,-0.872962187,No
7424,0.410422437,0.678860591,-0.268438154,No
45350,0.832026635,0.760851549,0.071175086,Yes
9137,0.619252331,0.811920819,-0.192668487,No
51084,0.630553024,1.474182647,-0.843629623,No
31420,0.430928983,1.020883317,-0.589954334,No
67257,0.638162739,0.638373083,-0.000210344,No
68923,0.624410022,0.952127908,-0.327717887,No
25022,0.646983622,0.837569776,-0.190586154,No
21734,0.398601939,0.862562034,-0.463960095,No
5280,0.866032724,0.822670903,0.043361821,Yes
6899,0.430761751,0.694836963,-0.264075212,No
6299,0.580578387,1.436504769,-0.855926382,No
46305,0.406160232,1.231349969,-0.825189738,No
45439,0.838992173,0.575328011,0.263664162,Yes
27162,0.666628307,0.887565782,-0.220937475,No
655,0.824353848,0.562558277,0.261795571,Yes
21392,0.592247686,0.689015814,-0.096768128,No
21830,0.854709154,0.81177162,0.042937535,Yes
4926,0.833380076,0.573429932,0.259950144,Yes
6236,0.840872756,0.575242369,0.265630387,Yes
73084,0.424966828,0.685471209,-0.260504381,No
45445,0.818172417,0.561403833,0.256768584,Yes
30500,0.441677744,1.029706818,-0.588029074,No
16828,1.03619136,0.512376547,0.523814813,Yes
4636,0.862679203,0.819317381,0.043361822,Yes
68162,0.659054607,0.879691007,-0.2206364,No
21705,0.66370915,1.862591668,-1.198882518,No
15305,0.398727021,1.139222202,-0.74049518,No
48919,0.808419002,0.737243582,0.07117542,Yes
41977,0.640570047,0.831155935,-0.190585888,No
37649,0.43190851,0.694016862,-0.262108353,No
2468,0.639868283,0.964002597,-0.324134314,No
39113,0.832193654,0.795570711,0.036622942,Yes
63631,0.800450285,0.632612364,0.16783792,Yes
21062,0.836618846,0.764487804,0.072131042,Yes
27840,0.480074789,1.287134967,-0.807060177,No
17693,0.595321012,1.014510039,-0.419189027,No
44954,0.411216133,0.683787685,-0.272571551,No
36840,0.387011186,1.072082977,-0.685071791,No
35100,0.456089694,1.26647044,-0.810380746,No
9355,0.42742613,1.01739101,-0.58996488,No
67133,0.626085298,0.952185586,-0.326100288,No
6180,0.840456091,0.576782128,0.263673964,Yes
42788,0.642957988,0.969079169,-0.326121181,No
47929,0.838260847,0.572660809,0.265600038,Yes
72203,0.829843059,0.562351615,0.267491444,Yes
13415,0.4132473,1.194851255,-0.781603955,No
66214,0.439109666,0.893559563,-0.454449897,No
43347,0.608586379,0.701617347,-0.093030968,No
20097,0.661338854,0.881975254,-0.2206364,No
16439,0.804076864,0.636239248,0.167837616,Yes
36850,0.812713608,0.557515398,0.25519821,Yes
22815,1.035304352,0.37351513,0.661789221,Yes
33160,0.413506688,1.00782464,-0.594317952,No
55927,0.608469854,0.759970161,-0.151500307,No
22989,0.417233955,0.68981514,-0.272581186,No
41968,0.836210754,0.576291139,0.259919615,Yes
52933,0.792202247,0.685524505,0.106677742,Yes
20820,0.425603115,1.207110719,-0.781507604,No
18824,0.596394818,1.34309039,-0.746695571,No
36344,0.430915619,0.921145193,-0.490229574,No
63977,1.045013007,0.515518402,0.529494606,Yes
60829,0.389507797,0.749408658,-0.359900862,No
37140,0.460199123,1.270869855,-0.810670732,No
29798,0.832340894,0.570448074,0.261892819,Yes
5065,0.428988024,1.016996251,-0.588008228,No
45889,0.876975017,0.834047713,0.042927304,Yes
20429,0.427529756,0.691379366,-0.26384961,No
46350,0.428818646,1.018804262,-0.589985617,No
41325,0.844912837,0.581259195,0.263653642,Yes
23102,0.818926979,0.563759444,0.255167534,Yes
48114,0.433139222,0.887414703,-0.454275481,No
34749,1.046387842,0.383304413,0.66308343,Yes
5132,0.621957065,0.625881466,-0.003924401,No
49620,0.626654433,1.608918606,-0.982264173,No
52234,0.601871589,1.405035287,-0.803163698,No
26741,0.818977274,0.563809443,0.255167831,Yes
67260,0.429489117,1.019219039,-0.589729922,No
41522,0.646701798,0.644976693,0.001725105,Yes
71574,0.433933245,0.695908041,-0.261974796,No
20228,1.086168051,0.449815185,0.636352867,Yes
44182,0.824399068,0.569231557,0.255167512,Yes
37037,0.62687004,0.818689085,-0.191819045,No
40897,0.653031148,0.873534198,-0.22050305,No
26836,0.841130975,0.577477042,0.263653933,Yes
49832,0.869232451,0.826004993,0.043227458,Yes
27305,0.601986742,1.674730154,-1.072743412,No
52069,0.41235058,0.684911896,-0.272561315,No
30726,1.049022689,0.519537915,0.529484774,Yes
66733,0.428486205,0.558195995,-0.12970979,No
29800,0.811227048,0.640490639,0.170736409,Yes
39480,0.811983428,0.699482502,0.112500927,Yes
3873,0.806713215,0.694338414,0.112374801,Yes
62059,0.457490309,0.942001766,-0.484511457,No
1955,1.073488487,0.766252548,0.30723594,Yes
27135,0.408748717,1.150033333,-0.741284616,No
52000,0.638896923,1.614810975,-0.975914052,No
18149,0.410546296,0.683117686,-0.272571391,No
20289,0.400775424,0.75777712,-0.357001695,No
10329,0.398470185,0.815242223,-0.416772038,No
10620,0.603270736,1.731671889,-1.128401154,No
35435,0.39076683,1.218141316,-0.827374486,No
49377,0.841231127,0.575620859,0.265610268,Yes
14193,0.6115506,0.946136994,-0.334586394,No
60760,0.409232714,1.007683784,-0.59845107,No
29679,0.407787128,0.822402969,-0.414615841,No
66089,0.615258366,1.27412384,-0.658865473,No
62805,0.813956448,0.558778986,0.255177462,Yes
24165,0.40086648,1.144253045,-0.743386565,No
23810,0.397931197,1.08071656,-0.682785363,No
12653,0.841224828,0.575604637,0.265620191,Yes
18192,0.635951328,0.636161672,-0.000210344,No
479,0.61145457,1.271921266,-0.660466696,No
16915,0.387635665,1.130297329,-0.742661664,No
33112,0.637662712,0.828218236,-0.190555524,No
6210,0.436387447,1.024396254,-0.588008807,No
7499,0.417794928,0.681869547,-0.26407462,No
57029,0.428001228,0.692075848,-0.26407462,No
41974,0.433974682,0.698070071,-0.264095389,No
21589,0.391571845,0.750519877,-0.358948032,No
4129,0.838295553,0.572665159,0.265630394,Yes
27734,0.607701831,1.352502472,-0.74480064,No
70140,0.447495621,1.033006455,-0.585510834,No
35840,0.403284936,1.001725808,-0.598440871,No
1061,0.842262852,0.576632124,0.265630728,Yes
5580,0.432070818,1.022035379,-0.58996456,No
950,0.356258654,1.04204946,-0.685790806,No
39708,0.810623112,0.698122585,0.112500527,Yes
10538,0.605279557,1.024180187,-0.41890063,No
9033,0.62156016,0.947650529,-0.32609037,No
41307,0.624645919,0.629229434,-0.004583514,No
25873,0.631083441,0.960918127,-0.329834686,No
59547,0.634811339,0.633055116,0.001756223,Yes
51014,0.61562547,1.271319097,-0.655693627,No
31224,0.436802685,0.698941861,-0.262139177,No
62060,0.4400843,1.028103351,-0.588019051,No
48234,0.438156328,0.700305849,-0.262149521,No
63787,0.634562707,0.632816714,0.001745993,Yes
32792,0.639993055,0.638226603,0.001766452,Yes
34424,0.829515365,0.565831054,0.26368431,Yes
41490,0.629665802,1.799080909,-1.169415107,No
30454,0.42251024,0.69096826,-0.268458021,No
70200,0.449739137,1.035250621,-0.585511484,No
71434,0.843960031,0.578185337,0.265774694,Yes
22388,0.8410446,0.577145794,0.263898807,Yes
72388,0.845668168,0.580690881,0.264977287,Yes
45774,0.436159668,0.700019918,-0.263860251,No
41053,0.623740533,1.141335228,-0.517594695,No
13029,0.659018594,1.531435464,-0.87241687,No
4835,0.440909415,1.251866359,-0.810956943,No
38603,0.622956333,0.952760434,-0.329804101,No
37870,0.619615506,1.599354338,-0.979738832,No
41914,0.368448762,0.735520987,-0.367072225,No
10610,0.437524074,1.025542532,-0.588018458,No
4066,0.86817919,0.825221788,0.042957403,Yes
63980,1.045543724,0.516049313,0.529494412,Yes
15889,0.635106254,1.287096788,-0.651990534,No
64420,0.622369403,1.603974196,-0.981604792,No
62252,0.872017818,0.829070364,0.042947454,Yes
7920,0.400685375,0.995013266,-0.594327891,No
16305,0.638308413,1.616188589,-0.977880176,No
46275,0.635454412,1.613355416,-0.977901004,No
51141,0.818135118,0.746939527,0.071195591,Yes
70104,0.447021322,0.706642759,-0.259621437,No
73050,0.640766854,1.616332864,-0.97556601,No
14490,0.424758956,1.016309101,-0.591550145,No
66312,0.659505106,0.880028784,-0.220523678,No
66602,0.812115742,0.701138769,0.110976973,Yes
10580,0.617692381,1.604058662,-0.986366281,No
39056,0.809718267,0.55451975,0.255198517,Yes
68070,0.864486916,0.821815249,0.042671667,Yes
41148,0.88142947,0.834820432,0.046609038,Yes
72869,0.437405357,0.699176506,-0.261771149,No
3171,0.828116157,0.756071277,0.072044881,Yes
18539,0.844207358,0.57858744,0.265619918,Yes
66556,1.01073849,0.577480382,0.433258108,Yes
13889,0.849279944,0.81029337,0.038986574,Yes
64744,0.42007065,0.686034321,-0.265963671,No
325,0.375447428,1.116595687,-0.74114826,No
41972,0.819474479,0.559902121,0.259572358,Yes
64843,0.624497512,1.142112894,-0.517615382,No
18939,0.80525547,0.634391054,0.170864416,Yes
6172,0.628640828,0.821309236,-0.192668408,No
47566,0.83714532,0.577225853,0.259919467,Yes
73297,0.614345456,0.619172562,-0.004827105,No
54715,0.412731064,1.011182343,-0.598451279,No
59698,0.825221497,0.565271355,0.259950142,Yes
70754,0.426699658,0.695296076,-0.268596418,No
51609,0.786254904,0.679818485,0.106436419,Yes
40430,0.405974896,1.004415333,-0.598440437,No
55949,0.407986623,0.680547348,-0.272560725,No
3389,0.655118028,1.528090142,-0.872972114,No
32565,0.417864536,1.011543156,-0.59367862,No
23425,0.41352817,1.0119993,-0.59847113,No
28973,0.617443865,0.952040488,-0.334596623,No
39109,0.42097263,0.686916196,-0.265943565,No
21394,0.822728453,0.567560942,0.255167512,Yes
1263,0.614405276,0.948981835,-0.33457656,No
1124,0.393391221,0.748931478,-0.355540257,No
61670,0.425347255,1.206845269,-0.781498014,No
5669,0.452074844,0.936462388,-0.484387544,No
21032,0.593164718,0.688237866,-0.095073148,No
51421,0.777770997,0.75911625,0.018654747,Yes
19635,0.627299188,1.608903811,-0.981604623,No
37535,0.390756051,1.075563548,-0.684807497,No
64119,0.400229459,0.755779352,-0.355549893,No
33800,0.435041894,1.023040123,-0.587998229,No
73040,0.645965162,1.621531467,-0.975566305,No
73999,0.425593078,0.691305489,-0.265712411,No
46300,0.66327815,1.861854699,-1.198576549,No
18875,0.39717046,0.995631589,-0.598461129,No
18209,1.028647452,0.693577075,0.335070377,Yes
37730,0.592787754,1.665500691,-1.072712936,No
65184,0.411729962,0.684301347,-0.272571386,No
40697,0.615646296,0.622711483,-0.007065187,No
75004,0.442881618,0.704866762,-0.261985144,No
3680,0.635045535,1.612915481,-0.977869945,No
49580,0.835337636,0.57539733,0.259940306,Yes
15879,0.608566374,1.352022252,-0.743455878,No
29949,0.423390964,0.69121013,-0.267819166,No
11495,0.40690281,1.193368653,-0.786465843,No
54548,0.598810045,1.017816949,-0.419006904,No
18103,0.840331333,0.576422347,0.263908986,Yes
45364,0.442001899,0.704140643,-0.262138744,No
15505,0.43971258,1.02773135,-0.58801877,No
44682,0.835902899,0.763888358,0.072014541,Yes
27577,0.803955931,0.633101745,0.170854186,Yes
61814,0.460783818,0.94518124,-0.484397422,No
38838,0.625632026,0.949756162,-0.324124136,No
43365,0.636917633,1.614808039,-0.977890406,No
57564,0.816515232,0.561327487,0.255187745,Yes
60144,0.423234924,0.691033401,-0.267798476,No
47585,0.416829707,1.015301064,-0.598471357,No
7204,0.423223336,0.69102212,-0.267798784,No
22679,0.399395281,0.758343244,-0.358947964,No
23525,0.395954309,1.078739079,-0.68278477,No
13102,0.805900423,0.638063148,0.167837275,Yes
68192,0.833817683,0.762621495,0.071196189,Yes
49410,0.428658985,1.21016717,-0.781508185,No
18086,0.804034306,0.63328758,0.170746727,Yes
61259,0.608758217,1.269224644,-0.660466426,No
31375,0.641080463,1.809305226,-1.168224763,No
66594,0.643335234,1.29336913,-0.650033895,No
20799,0.6210956,1.277459448,-0.656363848,No
16979,0.805973847,0.637162259,0.168811589,Yes
27230,0.40540126,1.146685875,-0.741284615,No
31514,0.405778991,0.678330087,-0.272551096,No
35504,0.433635226,0.921349139,-0.487713913,No
15622,0.839837042,0.575928106,0.263908936,Yes
38154,0.450417618,0.934795001,-0.484377384,No
62954,0.832688455,0.572748727,0.259939728,Yes
34403,0.837523742,0.573839438,0.263684304,Yes
4707,0.671764508,0.889918562,-0.218154054,No
8304,0.620605163,1.276948106,-0.656342943,No
20770,0.82959317,0.568262354,0.261330815,Yes
34709,0.604312142,1.407465971,-0.803153828,No
20277,0.434487463,0.600347724,-0.165860262,No
50762,0.647563961,0.645838976,0.001724985,Yes
62250,0.796903835,0.628092247,0.168811588,Yes
54676,0.803130434,0.634308616,0.168821818,Yes
19941,0.797832538,0.629994927,0.167837612,Yes
39190,0.44642076,1.257091492,-0.810670732,No
46149,0.446130976,0.930952684,-0.484821708,No
5210,0.422985814,1.010994041,-0.588008228,No
26341,0.836083317,0.763951965,0.072131352,Yes
8945,0.845060802,0.579430671,0.265630131,Yes
10660,0.438991472,1.027010527,-0.588019054,No
63323,0.609503243,1.0882904,-0.478787157,No
28883,0.685785652,1.228971918,-0.543186266,No
32589,0.624768175,1.276492816,-0.651724641,No
49844,0.436099475,0.700194551,-0.264095076,No
20590,0.403251828,1.086153928,-0.6829021,No
33715,0.420959351,1.014637923,-0.593678572,No
6439,0.622964242,1.466573405,-0.843609163,No
18218,0.685058709,1.228234453,-0.543175743,No
5767,0.612353246,0.764676259,-0.152323012,No
38815,0.423070375,1.016748565,-0.59367819,No
14965,0.656527872,1.85540016,-1.198872288,No
24824,0.399039379,0.671620994,-0.272581615,No
142,0.636625492,0.634869502,0.00175599,Yes
18899,0.61531704,1.275794018,-0.660476978,No
40575,0.392828575,1.179509584,-0.786681008,No
27761,0.830634971,0.758503961,0.072131011,Yes
11405,0.412691663,1.000710439,-0.588018777,No
67454,0.436021974,0.700107135,-0.264085161,No
9296,1.043934827,0.516386359,0.527548468,Yes
13902,0.609475878,0.613410614,-0.003934736,No
61929,0.406668768,0.679239724,-0.272570955,No
51125,0.602824382,1.675567668,-1.072743286,No
61820,0.426177529,1.019876768,-0.593699239,No
31889,0.417719214,0.873413353,-0.455694139,No
12300,0.403605392,1.144763878,-0.741158486,No
53900,0.616647414,1.603004108,-0.986356694,No
4509,0.425467792,0.689542412,-0.26407462,No
53318,0.605140095,1.083917415,-0.47877732,No
3453,0.816993675,0.557682223,0.259311452,Yes
51524,0.617260596,1.277726702,-0.660466107,No
69058,0.629276536,0.956994424,-0.327717888,No
27175,0.397704019,1.08048879,-0.682784771,No
23104,0.462558808,0.947370933,-0.484812125,No
65924,0.643812747,1.293846966,-0.650034219,No
55610,0.636179958,1.614050353,-0.977870395,No
192,1.016350849,0.497288701,0.519062148,Yes
53854,0.457930058,0.94243133,-0.484501272,No
29104,0.424998615,0.692817983,-0.267819369,No
13034,0.453619737,0.938130642,-0.484510904,No
52371,0.83297261,0.569052747,0.263919863,Yes
24870,0.432940689,1.022926108,-0.589985418,No
57640,0.453783936,1.264174862,-0.810390927,No
29119,0.803927826,0.636100513,0.167827313,Yes
38072,0.844091095,0.578450137,0.265640958,Yes
15129,0.606193831,1.350983809,-0.744789978,No
76336,0.835875223,0.572502191,0.263373032,Yes
5454,0.435009146,0.697127861,-0.262118714,No
75230,0.446177598,1.032325503,-0.586147905,No
63047,0.841050101,0.577386206,0.263663895,Yes
7168,0.639492225,0.963626176,-0.32413395,No
29657,0.629611815,0.633556244,-0.003944429,No
24113,0.621580511,0.951414884,-0.329834373,No
38069,0.863814934,0.820442883,0.043372051,Yes
47655,0.603775013,1.674592923,-1.07081791,No
23470,0.410892871,1.009364649,-0.598471778,No
64770,0.403239398,1.144398487,-0.741159089,No
46249,0.461226281,0.945737188,-0.484510907,No
65439,0.408834505,0.681405841,-0.272571337,No
25335,0.445432475,1.25640992,-0.810977445,No
41663,0.610842762,0.945449993,-0.33460723,No
75170,0.425814078,1.011238412,-0.585424333,No
4650,0.633559936,1.611184723,-0.977624787,No
62245,0.871165736,0.82792821,0.043237526,Yes
28894,0.428593086,0.885156507,-0.456563421,No
52954,0.628752825,1.280487751,-0.651734926,No
61660,0.419699667,1.013398744,-0.593699078,No
26725,0.403687052,1.086589293,-0.682902242,No
26573,0.658863108,1.205286631,-0.546423524,No
16742,0.607350632,0.756539545,-0.149188913,No
43529,0.397221597,0.754223293,-0.357001696,No
57455,0.413223835,1.011674812,-0.598450977,No
11459,0.406239105,0.821623546,-0.415384441,No
51869,0.867150067,0.824192072,0.042957995,Yes
30969,0.8392394,0.575585059,0.263654341,Yes
32895,0.611435164,1.741417441,-1.129982277,No
62434,0.812496954,0.701520065,0.110976889,Yes
45117,0.637223381,0.828968656,-0.191745276,No
49569,0.608220234,1.412918365,-0.804698131,No
47390,0.480764511,1.287825285,-0.807060774,No
59920,0.808904573,0.553716285,0.255188287,Yes
56033,0.622230936,0.950200398,-0.327969462,No
7953,0.825409223,0.789399687,0.036009536,Yes
45545,1.071373164,0.764837431,0.306535733,Yes
54260,0.424419567,1.016144645,-0.591725077,No
48457,0.628828277,0.630917442,-0.002089165,No
25388,0.631834239,0.959705875,-0.327871635,No
43823,0.643210216,1.194242012,-0.551031796,No
15299,0.431160982,0.695246169,-0.264085187,No
358,0.601993943,1.08077087,-0.478776927,No
31281,0.870801703,0.827573827,0.043227876,Yes
37214,0.422746169,0.690534801,-0.267788632,No
